{"cube1_cluster0":{"x":396.55057853263907,"y":658.7848269456254},"cube2_cluster0":{"x":352.34967581572386,"y":612.2469794764147},"cube4_cluster0":{"x":392.8837029794823,"y":1470.895668887658},"cube5_cluster0":{"x":453.22110796126645,"y":1450.4560921620528},"cube7_cluster0":{"x":132.97791026847725,"y":521.3099164422945},"cube8_cluster0":{"x":262.2926133759424,"y":549.5333263824833},"cube11_cluster0":{"x":440.1856143486643,"y":1519.3454414385235},"cube12_cluster0":{"x":168.24871793007517,"y":-894.7592218264025},"cube14_cluster0":{"x":-16.25653409706058,"y":549.1428986900614},"cube15_cluster0":{"x":-116.66873357617003,"y":652.6422806207295},"cube17_cluster0":{"x":694.3438888383519,"y":1129.221260453536},"cube19_cluster0":{"x":843.1863205895077,"y":1108.5304272155072},"cube21_cluster0":{"x":-579.2424523256716,"y":-361.8877896575319},"cube22_cluster0":{"x":1086.7848756922228,"y":1345.3961415959923},"cube23_cluster0":{"x":1049.5577584841965,"y":1377.5153457789522},"cube25_cluster0":{"x":-209.9111611269881,"y":490.19038685361807},"cube26_cluster0":{"x":-101.38611380711146,"y":490.95643057323656},"cube27_cluster0":{"x":-224.75998009183448,"y":720.4832201124392},"cube28_cluster0":{"x":549.3091683836641,"y":1164.7878058843476},"cube29_cluster0":{"x":625.0466270837801,"y":1134.7560437929496},"cube30_cluster0":{"x":764.1998313879948,"y":1132.0766622102958},"cube31_cluster0":{"x":836.6574337755499,"y":1170.201170008775},"cube33_cluster0":{"x":-654.9410550593168,"y":1028.4391418443997},"cube36_cluster0":{"x":477.49024195351416,"y":-861.4295484875522},"cube37_cluster0":{"x":-297.8357694350335,"y":566.323788664888},"cube38_cluster0":{"x":-320.10650717386727,"y":674.9592225992191},"cube39_cluster0":{"x":-299.03013709745005,"y":748.080797350374},"cube41_cluster0":{"x":550.5704353569321,"y":1102.788621683761},"cube44_cluster0":{"x":109.66247347032393,"y":1390.4836240096604},"cube45_cluster0":{"x":107.20766956362566,"y":1450.851519645995},"cube46_cluster0":{"x":163.60229818949495,"y":1456.3601706941488},"cube47_cluster0":{"x":1432.2151733649318,"y":720.5539871995231},"cube48_cluster0":{"x":1359.9905665663398,"y":783.6576721576064},"cube52_cluster0":{"x":428.7919142323289,"y":-863.3171968851044},"cube55_cluster0":{"x":272.71850638877766,"y":-618.2282411415173},"cube56_cluster0":{"x":226.61217747378362,"y":-585.785892885585},"cube57_cluster0":{"x":154.88305319490283,"y":-533.2972902986262},"cube60_cluster0":{"x":-24.484764248945755,"y":1532.315248623254},"cube61_cluster0":{"x":51.128051447989904,"y":1509.5993337774978},"cube63_cluster0":{"x":1493.3485331436702,"y":635.0387854208949},"cube65_cluster0":{"x":1316.5876076564389,"y":822.7264134864607},"cube66_cluster0":{"x":-413.5681801944874,"y":-649.622095942967},"cube69_cluster0":{"x":1274.9953426041343,"y":1190.7860929644319},"cube71_cluster0":{"x":-127.05453475687068,"y":-432.7787798516877},"cube72_cluster0":{"x":-48.29453906790271,"y":-441.2987495918946},"cube73_cluster0":{"x":61.071219598766035,"y":-479.0259922775452},"cube76_cluster0":{"x":-79.0880626053936,"y":1528.8668532572947},"cube77_cluster0":{"x":1402.9686880808013,"y":519.287246231333},"cube78_cluster0":{"x":1459.1853800793192,"y":544.1931348213997},"cube79_cluster0":{"x":1556.4174889789695,"y":537.4515569921068},"cube80_cluster0":{"x":1614.9982441381128,"y":461.98792509804537},"cube82_cluster0":{"x":-534.5289870948575,"y":1186.6294084006051},"cube85_cluster0":{"x":1422.4190963995397,"y":81.5831844428878},"cube87_cluster0":{"x":-213.4299021199839,"y":-277.7370770387727},"cube88_cluster0":{"x":-171.10159535585098,"y":-376.3747639748561},"cube89_cluster0":{"x":-155.0803953211538,"y":-498.4841099082253},"cube90_cluster0":{"x":-158.41460433140153,"y":-591.1584524842099},"cube91_cluster0":{"x":-143.26133182957733,"y":-648.6217903895896},"cube96_cluster0":{"x":1497.082271141214,"y":480.76802695248534},"cube96_cluster1":{"x":1632.5805957823932,"y":401.6961692335758},"cube98_cluster0":{"x":1176.6484293707906,"y":-18.62954912059825},"cube100_cluster0":{"x":-503.80556954145294,"y":1225.0868524789457},"cube101_cluster0":{"x":-154.96801083662174,"y":-847.4618050518317},"cube102_cluster0":{"x":1386.9174972945195,"y":117.49854154255998},"cube103_cluster0":{"x":-225.64211827631252,"y":18.519069823891297},"cube104_cluster0":{"x":-205.8277321178508,"y":-51.34418901467431},"cube105_cluster0":{"x":-225.91625443493191,"y":-162.913426659338},"cube108_cluster0":{"x":397.865040336081,"y":-205.33515945579327},"cube109_cluster0":{"x":352.3232502619566,"y":-255.9570110312789},"cube113_cluster0":{"x":-331.5005409576722,"y":1398.825600378817},"cube116_cluster0":{"x":1165.1697842243086,"y":-81.83809019725692},"cube117_cluster0":{"x":1233.537104191933,"y":-64.75177603661906},"cube121_cluster0":{"x":-194.9047137263634,"y":91.05586192486916},"cube122_cluster0":{"x":-123.96896545283025,"y":39.019815150150954},"cube124_cluster0":{"x":274.56404282677863,"y":-26.298698799948642},"cube125_cluster0":{"x":295.23530749408815,"y":-81.62804144878193},"cube126_cluster0":{"x":345.0521663030979,"y":-159.64972254044497},"cube127_cluster0":{"x":464.54033736312493,"y":-264.0746445357124},"cube128_cluster0":{"x":557.9809310912223,"y":-343.6235295523731},"cube129_cluster0":{"x":804.5110898514342,"y":-120.54505059494393},"cube131_cluster0":{"x":-564.7731235276893,"y":522.3187663768346},"cube135_cluster0":{"x":1284.22764650949,"y":-91.06069421617119},"cube139_cluster0":{"x":-114.02842612697104,"y":118.72745076400122},"cube140_cluster0":{"x":-73.95557405585545,"y":190.07057874435807},"cube141_cluster0":{"x":21.99484173950328,"y":396.38102737873896},"cube142_cluster0":{"x":-766.9502981868502,"y":874.2494788677789},"cube143_cluster0":{"x":571.1596039251217,"y":-229.1657761642936},"cube144_cluster0":{"x":565.9955673671174,"y":-284.92330833444856},"cube145_cluster0":{"x":656.958656976871,"y":-260.0390579699768},"cube146_cluster0":{"x":758.9482517424821,"y":-165.60869433400907},"cube148_cluster0":{"x":-562.340143970585,"y":464.31800710099924},"cube151_cluster0":{"x":-747.6246277341,"y":189.2555635697204},"cube153_cluster0":{"x":-232.35735100228163,"y":1096.843553578712},"cube154_cluster0":{"x":-178.96589937691903,"y":1119.4343683373154},"cube155_cluster0":{"x":-106.00630400293119,"y":1097.9473845496675},"cube158_cluster0":{"x":95.98016120750806,"y":664.6694490306933},"cube159_cluster0":{"x":89.57497596168865,"y":781.3467012190782},"cube160_cluster0":{"x":1121.1657321613118,"y":1098.9941913984599},"cube162_cluster0":{"x":-558.5463151682893,"y":877.0928021181112},"cube163_cluster0":{"x":732.7756376720348,"y":-226.82312033922736},"cube166_cluster0":{"x":-620.2753304432434,"y":427.03547583864287},"cube167_cluster0":{"x":-576.8455663822124,"y":366.7073691660125},"cube168_cluster0":{"x":-533.8454028980028,"y":329.5098157192189},"cube168_cluster1":{"x":-631.9135413585259,"y":275.76902850611185},"cube169_cluster0":{"x":-697.434477988563,"y":214.61210187749415},"cube170_cluster0":{"x":-153.3441533966787,"y":1187.6061110558474},"cube171_cluster0":{"x":-84.88376583699906,"y":1161.0839864611853},"cube174_cluster0":{"x":158.7478538311121,"y":752.482583518091},"cube175_cluster0":{"x":153.57611856027586,"y":828.7079263378133},"cube176_cluster0":{"x":-527.7454749077272,"y":-503.37053887009176},"cube177_cluster0":{"x":1595.6113265564748,"y":59.794302332085806},"cube179_cluster0":{"x":518.9748057985798,"y":339.6245592603375},"cube180_cluster0":{"x":578.8155159343519,"y":431.31209076520287},"cube181_cluster0":{"x":610.657911182666,"y":387.66307788937127},"cube184_cluster0":{"x":738.8000736258392,"y":-697.4057628407945},"cube187_cluster0":{"x":1435.3155808392619,"y":-344.242061095147},"cube188_cluster0":{"x":-626.3459928883639,"y":-176.64398044342894},"cube189_cluster0":{"x":-671.0843157279403,"y":-150.30660267119956},"cube191_cluster0":{"x":180.3505294786785,"y":886.5057465692373},"cube194_cluster0":{"x":459.3693569967717,"y":270.5227265829546},"cube196_cluster0":{"x":657.2182680058777,"y":515.9555519226428},